ci95_annotation_ari_high	ci95_annotation_ari_low	ci95_annotation_nmi_high	ci95_annotation_nmi_low	ci95_pairwise_ari_high	ci95_pairwise_ari_low	dataset_id	mean_annotation_ari	mean_annotation_nmi	mean_cluster_n	mean_cuda_peak_memory_mb	mean_pairwise_ari	mean_robust_components	mean_runtime_sec	method	n_rand_matrix	n_repeats	pairwise_n	pilot_status	sample_fraction	sclens_commit	sd_cluster_n	sd_pairwise_ari	status	successful_repeats	torch_cuda_available	torch_version
nan	nan	nan	nan	0.7213621578057546	0.6674980572488017	pbmc3k_10x	nan	nan	4.3	314.44384765625	0.6944301075272782	8.6	13.443497080000089	scLENSpy	20	10	45	manuscript_grade_n_rand_matrix	0.8	bf267224753af88c3f11bf31be1ee6916d3351b3	0.48304589153964794	0.09217637019813595	pass	10	True	2.7.0+cu118
0.6203897592740284	0.46101671551189827	0.6787432860785801	0.5867972706518988	0.6215866643996296	0.5512856975121457	kang_ifnb_pbmc	0.5407032373929633	0.6327702783652395	4.4	232.47783203125	0.5864361809558877	13.9	12.862581850000243	scLENSpy	20	10	45	manuscript_grade_n_rand_matrix	0.8	bf267224753af88c3f11bf31be1ee6916d3351b3	0.9660917830792959	0.12030439350334889	pass	10	True	2.7.0+cu118
